Launch day,10 AM highlight / feed,2 PM Story,6:30 PM confirmed-show preview,8:15 PM Story,Actual live start,Weekly crossover / review
1,Meet the hosts,Tools or home finds first?,"Editable preview with direct show link, only if date confirmed",16-minute reminder only if accurate,Live Story only after Whatnot verification,
2,Deal of the night,Keep it or gift it?,"Editable preview with direct show link, only if date confirmed",16-minute reminder only if accurate,Live Story only after Whatnot verification,
3,Guess the final bid,Sourced fact about an actual lineup item; poll if unavailable,"Editable preview with direct show link, only if date confirmed",16-minute reminder only if accurate,Live Story only after Whatnot verification,
4,Weird find,What do you think this does?,"Editable preview with direct show link, only if date confirmed",16-minute reminder only if accurate,Live Story only after Whatnot verification,
5,You pick the table,Sourced fact about an actual lineup item; poll if unavailable,"Editable preview with direct show link, only if date confirmed",16-minute reminder only if accurate,Live Story only after Whatnot verification,
6,Packing the haul,Pickup or shipping?,"Editable preview with direct show link, only if date confirmed",16-minute reminder only if accurate,Live Story only after Whatnot verification,
7,Weekly best moments,Which moment gets a replay?,"Editable preview with direct show link, only if date confirmed",16-minute reminder only if accurate,Live Story only after Whatnot verification,Weekly crossover + export report
8,Meet the hosts,Tools or home finds first?,"Editable preview with direct show link, only if date confirmed",16-minute reminder only if accurate,Live Story only after Whatnot verification,
9,Deal of the night,Keep it or gift it?,"Editable preview with direct show link, only if date confirmed",16-minute reminder only if accurate,Live Story only after Whatnot verification,
10,Guess the final bid,Sourced fact about an actual lineup item; poll if unavailable,"Editable preview with direct show link, only if date confirmed",16-minute reminder only if accurate,Live Story only after Whatnot verification,
11,Weird find,What do you think this does?,"Editable preview with direct show link, only if date confirmed",16-minute reminder only if accurate,Live Story only after Whatnot verification,
12,You pick the table,Sourced fact about an actual lineup item; poll if unavailable,"Editable preview with direct show link, only if date confirmed",16-minute reminder only if accurate,Live Story only after Whatnot verification,
13,Packing the haul,Pickup or shipping?,"Editable preview with direct show link, only if date confirmed",16-minute reminder only if accurate,Live Story only after Whatnot verification,
14,Weekly best moments,Which moment gets a replay?,"Editable preview with direct show link, only if date confirmed",16-minute reminder only if accurate,Live Story only after Whatnot verification,Weekly crossover + export report
15,Meet the hosts,Tools or home finds first?,"Editable preview with direct show link, only if date confirmed",16-minute reminder only if accurate,Live Story only after Whatnot verification,
16,Deal of the night,Keep it or gift it?,"Editable preview with direct show link, only if date confirmed",16-minute reminder only if accurate,Live Story only after Whatnot verification,
17,Guess the final bid,Sourced fact about an actual lineup item; poll if unavailable,"Editable preview with direct show link, only if date confirmed",16-minute reminder only if accurate,Live Story only after Whatnot verification,
18,Weird find,What do you think this does?,"Editable preview with direct show link, only if date confirmed",16-minute reminder only if accurate,Live Story only after Whatnot verification,
19,You pick the table,Sourced fact about an actual lineup item; poll if unavailable,"Editable preview with direct show link, only if date confirmed",16-minute reminder only if accurate,Live Story only after Whatnot verification,
20,Packing the haul,Pickup or shipping?,"Editable preview with direct show link, only if date confirmed",16-minute reminder only if accurate,Live Story only after Whatnot verification,
21,Weekly best moments,Which moment gets a replay?,"Editable preview with direct show link, only if date confirmed",16-minute reminder only if accurate,Live Story only after Whatnot verification,Weekly crossover + export report
22,Meet the hosts,Tools or home finds first?,"Editable preview with direct show link, only if date confirmed",16-minute reminder only if accurate,Live Story only after Whatnot verification,
23,Deal of the night,Keep it or gift it?,"Editable preview with direct show link, only if date confirmed",16-minute reminder only if accurate,Live Story only after Whatnot verification,
24,Guess the final bid,Sourced fact about an actual lineup item; poll if unavailable,"Editable preview with direct show link, only if date confirmed",16-minute reminder only if accurate,Live Story only after Whatnot verification,
25,Weird find,What do you think this does?,"Editable preview with direct show link, only if date confirmed",16-minute reminder only if accurate,Live Story only after Whatnot verification,
26,You pick the table,Sourced fact about an actual lineup item; poll if unavailable,"Editable preview with direct show link, only if date confirmed",16-minute reminder only if accurate,Live Story only after Whatnot verification,
27,Packing the haul,Pickup or shipping?,"Editable preview with direct show link, only if date confirmed",16-minute reminder only if accurate,Live Story only after Whatnot verification,
28,Weekly best moments,Which moment gets a replay?,"Editable preview with direct show link, only if date confirmed",16-minute reminder only if accurate,Live Story only after Whatnot verification,Weekly crossover + export report
29,Meet the hosts,Tools or home finds first?,"Editable preview with direct show link, only if date confirmed",16-minute reminder only if accurate,Live Story only after Whatnot verification,
30,Deal of the night,Keep it or gift it?,"Editable preview with direct show link, only if date confirmed",16-minute reminder only if accurate,Live Story only after Whatnot verification,
